Constituency,Winner,Party,Votes,Margin
ADOOR,ADVOCATE C V SANTHAKUMAR,Indian National Congress,,10332
ALAPPUZHA,A.D THOMAS,Indian National Congress,,21015
ALATHUR,T M SASI,Communist Party of India (Marxist),,8553
ALUVA,ANWAR SADATH,Indian National Congress,,29143
AMBALAPPUZHA,G.SUDHAKARAN,Independent,,27935
ANGAMALY,ROJI M JOHN,Indian National Congress,,37008
ARANMULA,ABIN VARKEY KODIYATTU,Indian National Congress,,18985
AROOR,ADV. SHANIMOL OSMAN,Indian National Congress,,9324
ARUVIKKARA,ADV. G. STEEPHEN,Communist Party of India (Marxist),,2843
ATTINGAL,O.S AMBIKA,Communist Party of India (Marxist),,13375
AZHIKODE,K. V. SUMESH,Communist Party of India (Marxist),,349
BALUSSERI,V.T. SOORAJ,Indian National Congress,,16980
BEYPORE,P.A MOHAMED RIYAS,Communist Party of India (Marxist),,7487
CHADAYAMANGALAM,M. M. NASEER,Indian National Congress,,7486
CHALAKUDY,SANEESHKUMAR JOSEPH,Indian National Congress,,23156
CHANGANASSERY,VINU JOB KUZHIMANNIL,Kerala Congress,,8368
CHATHANNOOR,B.B.GOPAKUMAR,Bharatiya Janata Party,,4398
CHAVARA,SHIBU BABY JOHN,Revolutionary Socialist Party,,18573
CHELAKKARA,U R PRADEEP,Communist Party of India (Marxist),,29386
CHENGANNUR,SAJI CHERIAN,Communist Party of India (Marxist),,10292
CHERTHALA,P. PRASAD,Communist Party of India,,14489
CHIRAYINKEEZHU,RAMYA HARIDAS,Indian National Congress,,1422
CHITTUR,ADV. SUMESH ACHUTHAN,Indian National Congress,,6510
DEVIKULAM,F. RAJA,Indian National Congress,,5233
DHARMADAM,PINARAYI VIJAYAN,Communist Party of India (Marxist),,19247
ELATHUR,ADV.VIDYA BALAKRISHNAN,Indian National Congress,,12162
ERANAKULAM,T.J VINOD,Indian National Congress,,36163
ERAVIPURAM,ADV.VISHNU MOHAN,Revolutionary Socialist Party,,8803
ERNAD,P.K.BASHEER,Indian Union Muslim League,,41289
ETTUMANOOR,NATTAKOM SURESH,Indian National Congress,,19752
GURUVAYOOR,N. K. AKBAR,Communist Party of India (Marxist),,1998
HARIPAD,RAMESH CHENNITHALA,Indian National Congress,,23377
IDUKKI,ROY K PAULOSE,Indian National Congress,,23822
IRIKKUR,ADV. SAJEEV JOSEPH,Indian National Congress,,42426
IRINJALAKUDA,ADV. THOMAS UNNIYADAN,Kerala Congress,,10212
KADUTHURUTHY,ADV.MONS JOSEPH,Kerala Congress,,31300
KAIPAMANGALAM,K.K. VALSARAJ,Communist Party of India,,9944
KALAMASSERY,ADV. V E ABDUL GAFOOR,Indian Union Muslim League,,16312
KALLIASSERI,M.VIJIN,Communist Party of India (Marxist),,18433
KALPETTA,ADV. T SIDDIQUE,Indian National Congress,,45031
KANHANGAD,ADV. GOVINDAN PALLIKAPPIL,Communist Party of India,,15316
KANJIRAPPALLY,RONY K BABY,Indian National Congress,,5772
KANNUR,ADV.T.O. MOHANAN,Indian National Congress,,18551
KARUNAGAPPALLY,C.R. MAHESH,Indian National Congress,,26618
KASARAGOD,KALLATRA MAHIN,Indian Union Muslim League,,22698
KATTAKKADA,M. R. BAIJU,Indian National Congress,,7136
KAYAMKULAM,ADV.M.LIJU,Indian National Congress,,15572
KAZHAKOOTTAM,V. MURALEEDHARAN,Bharatiya Janata Party,,428
KOCHI,MOHAMMED SHIYAS,Indian National Congress,,8188
KODUNGALLUR,ADV. O J JANEESH,Indian National Congress,,8308
KODUVALLY,P K FIROS,Indian Union Muslim League,,36682
KOLLAM,ADV. BINDHU KRISHNA,Indian National Congress,,16830
KONDOTTY,T.P. ASHRAFALI,Indian Union Muslim League,,56017
KONGAD,THULASI TEACHER,Indian National Congress,,3706
KONNI,ADV K U JENISH KUMAR,Communist Party of India (Marxist),,1838
KOTHAMANGALAM,SHIBU THECKUMPURAM,Kerala Congress,,16859
KOTTAKKAL,PROF. ABID HUSSAIN THANGAL,Indian Union Muslim League,,62638
KOTTARAKKARA,K.N. BALAGOPAL,Communist Party of India (Marxist),,1012
KOTTAYAM,THIRUVANCHOOR RADHAKRISHNAN,Indian National Congress,,35986
KOVALAM,ADV. M.VINCENT,Indian National Congress,,32709
KOZHIKODE NORTH,ADV.K JAYANTH,Indian National Congress,,1483
KOZHIKODE SOUTH,ADV. FYZAL BABU,Indian Union Muslim League,,10795
KUNDARA,P. C. VISHNUNADH,Indian National Congress,,32564
KUNNAMANGALAM,M.A. RAZAK MASTER,Indian Union Muslim League,,13313
KUNNAMKULAM,A C MOIDEEN,Communist Party of India (Marxist),,4563
KUNNATHUNAD,V. P. SAJEENDRAN,Indian National Congress,,21283
KUNNATHUR,ULLAS KOVUR,Revolutionary Socialist Party,,25314
KUTHUPARAMBA,P K PRAVEEN,Rashtriya Janata Dal,,1286
KUTTANAD,REJI CHERIYAN,Kerala Congress,,20600
KUTTIADI,PARAKKAL ABDULLA,Indian Union Muslim League,,10922
MALAMPUZHA,A PRABHAKARAN,Communist Party of India (Marxist),,19721
MALAPPURAM,P.K KUNHALIKUTTY,Indian Union Muslim League,,85327
MANALUR,PROF C RAVINDRANATH,Communist Party of India (Marxist),,126
MANANTHAVADY,USHA VIJAYAN,Indian National Congress,,10543
MANJERI,ADV. M. RAHMATHULLA,Indian Union Muslim League,,57887
MANJESHWAR,A K M ASHRAF,Indian Union Muslim League,,29252
MANKADA,MANJALAMKUZHI ALI,Indian Union Muslim League,,45609
MANNARKKAD,ADV. N. SAMSUDHEEN,Indian Union Muslim League,,25903
MATTANNUR,V K SANOJ,Communist Party of India (Marxist),,14168
MAVELIKKARA,M.S. ARUN KUMAR,Communist Party of India (Marxist),,15736
MUVATTUPUZHA,DR. MATHEW KUZHALNADAN,Indian National Congress,,42829
NADAPURAM,K.M. ABHIJITH,Indian National Congress,,23600
NATTIKA,GEETHAGOPI,Communist Party of India,,7093
NEDUMANGAD,G R ANIL,Communist Party of India,,21583
NEMMARA,K PREMAN,Communist Party of India (Marxist),,3305
NEMOM,RAJEEV CHANDRASEKHAR,Bharatiya Janata Party,,4978
NEYYATTINKARA,N. SHAKTHAN,Indian National Congress,,6966
NILAMBUR,ARYADAN SHOUKATH,Indian National Congress,,54851
OLLUR,K RAJAN,Communist Party of India,,8884
OTTAPPALAM,ADV. K. PREMKUMAR,Communist Party of India (Marxist),,26777
PALA,MANI C KAPPEN,Independent,,2991
PALAKKAD,RAMESH PISHARODY,Indian National Congress,,13147
PARASSALA,C K HAREENDRAN,Communist Party of India (Marxist),,15013
PARAVUR,ADV.V.D.SATHEESAN,Indian National Congress,,20600
PATHANAPURAM,JYOTHI KUMAR CHAMAKKALA,Indian National Congress,,8310
PATTAMBI,MUHAMMED MUHASSIN,Communist Party of India,,9442
PAYYANNUR,V. KUNHIKRISHNAN,Independent,,7487
PEERUMADE,ADV.CYRIAC THOMAS,Indian National Congress,,27634
PERAMBRA,ADV. FATHIMA THAHILIYA,Indian Union Muslim League,,5087
PERAVOOR,ADV. SUNNY JOSEPH,Indian National Congress,,14453
PERINTHALMANNA,NAJEEB KANTHAPURAM,Indian Union Muslim League,,32431
PERUMBAVOOR,MANOJ MOOTHEDAN,Indian National Congress,,28434
PIRAVOM,ANOOP JACOB,Kerala Congress (Jacob),,44681
PONNANI,K.P NOUSHAD ALI,Indian National Congress,,13267
POONJAR,ADV.SEBASTIAN M.J,Indian National Congress,,6693
PUDUKKAD,K K RAMACHANDRAN,Communist Party of India (Marxist),,2853
PUNALUR,C. AJAYAPRASAD,Communist Party of India,,21529
PUTHUPPALLY,ADV. CHANDY OOMMEN,Indian National Congress,,52907
QUILANDY,ADV. K. PRAVEEN KUMAR,Indian National Congress,,12070
RANNI,ADV. PAZHAKULAM MADHU,Indian National Congress,,4344
SHORNUR,P.MAMMIKUTTY,Communist Party of India (Marxist),,16517
SULTHANBATHERY,I C BALAKRISHNAN,Indian National Congress,,16597
TALIPARAMBA,T K GOVINDAN MASTER,Independent,,12551
TANUR,P K NAVAS,Indian Union Muslim League,,27131
TARUR,SUMOD,Communist Party of India (Marxist),,11910
THALASSERY,KARAYI RAJAN,Communist Party of India (Marxist),,20523
THAVANUR,ADV. V S JOY,Indian National Congress,,14647
THIRUVALLA,ADV.VARGHESE MAMMEN,Kerala Congress,,10146
THIRUVAMBADI,C K KASIM,Indian Union Muslim League,,6741
THIRUVANANTHAPURAM,C P JOHN,Communist Marxist Party Kerala State Committee,,9863
THODUPUZHA,APU JOHN JOSEPH,Kerala Congress,,44291
THRIKKAKARA,UMA THOMAS,Indian National Congress,,50211
THRIPUNITHURA,DEEPAK JOY,Indian National Congress,,18468
THRISSUR,RAJAN. J. PALLAN,Indian National Congress,,26803
THRITHALA,V T BALRAM,Indian National Congress,,8385
TIRUR,KURUKKOLI MOIDEEN,Indian Union Muslim League,,24137
TIRURANGADI,P M A SAMEER,Indian Union Muslim League,,63387
TRIKARIPUR,SANDEEP VARIER,Indian National Congress,,4431
UDMA,NEELAKANDAN,Indian National Congress,,4847
UDUMBANCHOLA,ADV. SENAPATHY VENU,Indian National Congress,,20021
VADAKARA,K K REMA,Revolutionary Marxist Party of India,,14862
VAIKOM,K BINIMON,Indian National Congress,,1360
VALLIKUNNU,T V IBRAHIM,Indian Union Muslim League,,51289
VAMANAPURAM,MUHAMMED SUDHEERSHA S,Indian National Congress,,12185
VARKALA,ADV.V JOY,Communist Party of India (Marxist),,2050
VATTIYOORKAVU,K. MURALEEDHARAN,Indian National Congress,,5425
VENGARA,K.M. SHAJI,Indian Union Muslim League,,30325
VYPEN,TONY CHAMMANY,Indian National Congress,,15648
WADAKKANCHERY,XAVIER CHITTILAPPILLY,Communist Party of India (Marxist),,5690
WANDOOR,A.P ANILKUMAR,Indian National Congress,,47939
